url	status	bytes	file
https://ethanwong.photography/	200	127348	raw/ethanwong.photography_.html
https://ethanwong.photography/404	404	14761	raw/ethanwong.photography_404.html
https://ethanwong.photography/about	200	166943	raw/ethanwong.photography_about.html
https://ethanwong.photography/commercial	200	150297	raw/ethanwong.photography_commercial.html
https://ethanwong.photography/commercial-photographer-dc	200	120295	raw/ethanwong.photography_commercial-photographer-dc.html
https://ethanwong.photography/contact	200	129709	raw/ethanwong.photography_contact.html
https://ethanwong.photography/documentary-wedding-photographer-dc	200	119600	raw/ethanwong.photography_documentary-wedding-photographer-dc.html
https://ethanwong.photography/editorial-photographer-dc	200	120619	raw/ethanwong.photography_editorial-photographer-dc.html
https://ethanwong.photography/editorials	200	167495	raw/ethanwong.photography_editorials.html
https://ethanwong.photography/editorials/exchange	200	165857	raw/ethanwong.photography_editorials_exchange.html
https://ethanwong.photography/engagement-photographer-dc	200	119673	raw/ethanwong.photography_engagement-photographer-dc.html
https://ethanwong.photography/engagements	200	178964	raw/ethanwong.photography_engagements.html
https://ethanwong.photography/film-wedding-photographer-dc	200	119910	raw/ethanwong.photography_film-wedding-photographer-dc.html
https://ethanwong.photography/film-wedding-photographer-nyc	200	119423	raw/ethanwong.photography_film-wedding-photographer-nyc.html
https://ethanwong.photography/maryland-virginia-wedding-photographer	200	119792	raw/ethanwong.photography_maryland-virginia-wedding-photographer.html
https://ethanwong.photography/moody-wedding-photographer-dc	200	119282	raw/ethanwong.photography_moody-wedding-photographer-dc.html
https://ethanwong.photography/pricing	200	142626	raw/ethanwong.photography_pricing.html
https://ethanwong.photography/privacy	200	47940	raw/ethanwong.photography_privacy.html
https://ethanwong.photography/stories	200	114602	raw/ethanwong.photography_stories.html
https://ethanwong.photography/terms	200	30146	raw/ethanwong.photography_terms.html
https://ethanwong.photography/weddings	200	215159	raw/ethanwong.photography_weddings.html
https://ethanwong.photography/weddings/abigail-mate	200	181777	raw/ethanwong.photography_weddings_abigail-mate.html
https://ethanwong.photography/weddings/reanna-hawkeye	200	200978	raw/ethanwong.photography_weddings_reanna-hawkeye.html
https://ethanwong.photography/weddings/shawni-ben	200	272179	raw/ethanwong.photography_weddings_shawni-ben.html
